wrong_name,correct_name
Kenneth Hill,Kenneth Hill
Catheirne Sanders,Catherine Sanders
Joshua rGeen,Joshua Green
LarryR eed,Larry Reed
Benajmin Watson,Benjamin Watson
Stephen Pteerson,Stephen Peterson
Amy oMrris,Amy Morris
Brenda Baiely,Brenda Bailey
Jonathan Mogran,Jonathan Morgan
Sanrda Robinson,Sandra Robinson
Benjamin Waston,Benjamin Watson
Catehrine Sanders,Catherine Sanders
Laura Pakrer,Laura Parker
Brenad Bailey,Brenda Bailey
Brend aBailey,Brenda Bailey
Eric Guteirrez,Eric Gutierrez
Jonathan Morgna,Jonathan Morgan
AmyM orris,Amy Morris
Rihcard Gonzalez,Richard Gonzalez
Karen Maritn,Karen Martin
Scot tKim,Scott Kim
BenjaminW atson,Benjamin Watson
Nancy Peerz,Nancy Perez
Brenda Baliey,Brenda Bailey
Rboert Williams,Robert Williams
Kneneth Hill,Kenneth Hill
Robert Willaims,Robert Williams
Joanthan Morgan,Jonathan Morgan
Jonathan oMrgan,Jonathan Morgan
Kare nMartin,Karen Martin
Ctaherine Sanders,Catherine Sanders
Benjami nWatson,Benjamin Watson
Joshu aGreen,Joshua Green
JoshuaG reen,Joshua Green
Stpehen Peterson,Stephen Peterson
Brenda Bailye,Brenda Bailey
Aym Morris,Amy Morris
Rcihard Gonzalez,Richard Gonzalez
Catherine aSnders,Catherine Sanders
Steven Allen,Steven Allen
Timothy vEans,Timothy Evans
Lrary Reed,Larry Reed
Steven Aleln,Steven Allen
Larua Parker,Laura Parker
Nancy ePrez,Nancy Perez
Suasn Wilson,Susan Wilson
Brenda aBiley,Brenda Bailey
Tiomthy Evans,Timothy Evans
Johsua Green,Joshua Green
Larry Rede,Larry Reed
Susan Wislon,Susan Wilson
Amy Morirs,Amy Morris
Jnoathan Morgan,Jonathan Morgan
Bernda Bailey,Brenda Bailey
Jsohua Green,Joshua Green
Bnejamin Watson,Benjamin Watson
Benjamin Wtason,Benjamin Watson
Scott Kim,Scott Kim
KennethH ill,Kenneth Hill
Karen aMrtin,Karen Martin
Jonahtan Morgan,Jonathan Morgan
Kaern Martin,Karen Martin
Nancy Perze,Nancy Perez
Catherine Sadners,Catherine Sanders
Robert Williams,Robert Williams
Richard Gonazlez,Richard Gonzalez
Steevn Allen,Steven Allen
Steven Allne,Steven Allen
Susan Wilsno,Susan Wilson
Robert Willimas,Robert Williams
Susan iWlson,Susan Wilson
Nnacy Perez,Nancy Perez
Kraen Martin,Karen Martin
Catherien Sanders,Catherine Sanders
Laura Parkre,Laura Parker
Nancy Preez,Nancy Perez
Amy Morrsi,Amy Morris
Richard Gonzlaez,Richard Gonzalez
SandraR obinson,Sandra Robinson
Nanyc Perez,Nancy Perez
Susan Wilosn,Susan Wilson
Karne Martin,Karen Martin
